﻿<?xml version="1.0" encoding="utf-8"?>
<ServiceManifest xmlns:xsd="http://www.w3.org/2001/XMLSchema" xmlns:xsi="http://www.w3.org/2001/XMLSchema-instance" Name="DemoActorPkg" Version="1.0.0" xmlns="http://schemas.microsoft.com/2011/01/fabric">
  <ServiceTypes>
    <StatefulServiceType ServiceTypeName="DemoActorServiceType" HasPersistedState="true">
      <Extensions>
        <Extension Name="__GeneratedServiceType__" GeneratedId="44cd78fd-febe-43dc-9a3e-ea17d8629503|Persisted">
          <GeneratedNames xmlns="http://schemas.microsoft.com/2015/03/fabact-no-schema">
            <DefaultService Name="DemoActorService" />
            <ReplicatorEndpoint Name="DemoActorServiceReplicatorEndpoint" />
            <ReplicatorConfigSection Name="DemoActorServiceReplicatorConfig" />
            <ReplicatorSecurityConfigSection Name="DemoActorServiceReplicatorSecurityConfig" />
            <StoreConfigSection Name="DemoActorServiceLocalStoreConfig" />
            <ServiceEndpoint Name="DemoActorServiceEndpoint" />
          </GeneratedNames>
        </Extension>
      </Extensions>
    </StatefulServiceType>
  </ServiceTypes>
  <CodePackage Name="Code" Version="1.0.0">
    <EntryPoint>
      <ExeHost>
        <Program>DemoActor.exe</Program>
      </ExeHost>
    </EntryPoint>
  </CodePackage>
  <ConfigPackage Name="Config" Version="1.0.0" />
  <Resources>
    <Endpoints>
      <Endpoint Name="DemoActorServiceEndpoint" />
      <Endpoint Name="DemoActorServiceReplicatorEndpoint" />
    </Endpoints>
  </Resources>
  <!-- The content will be generated during build -->
</ServiceManifest>