﻿<?xml version="1.0" encoding="utf-8"?>
<Application xmlns:xsd="http://www.w3.org/2001/XMLSchema" xmlns:xsi="http://www.w3.org/2001/XMLSchema-instance" Name="fabric:/AutofacServiceFabricDemo" xmlns="http://schemas.microsoft.com/2011/01/fabric">
  <Parameters>
    <Parameter Name="DemoStatelessService_InstanceCount" Value="1" />
    <Parameter Name="DemoStatefulService_PartitionCount" Value="1" />
    <Parameter Name="DemoStatefulService_MinReplicaSetSize" Value="1" />
    <Parameter Name="DemoStatefulService_TargetReplicaSetSize" Value="1" />
    <Parameter Name="DemoActorService_PartitionCount" Value="1" />
    <Parameter Name="DemoActorService_TargetReplicaSetSize" Value="1" />
    <Parameter Name="DemoActorService_MinReplicaSetSize" Value="1" />
  </Parameters>
</Application>